word	ruby	meaning	level
憂慮	ゆうりょ	心配して気にかけること	1
端緒	たんしょ	物事の始まりやきっかけ	1
恣意	しい	自分勝手な考えや判断	1
形骸化	けいがいか	中身が失われて形だけ残ること	1
懐疑	かいぎ	疑いを持つこと	1
帰結	きけつ	結果として導かれること	1
前提	ぜんてい	議論の出発点となる条件	1
帰納	きのう	個別の事例から一般原理を導くこと	1
演繹	えんえき	一般原理から結論を導くこと	1
乖離	かいり	互いに離れてしまうこと	1
包摂	ほうせつ	あるものを内に含み込むこと	1
相対化	そうたいか	絶対視されていたものを相対的に見ること	1
内面化	ないめんか	外にある価値や規範を自分の内に取り込むこと	1
正当化	せいとうか	自分の行為を正しいと説明すること	1
規範	きはん	行動の基準となるもの	1
主体	しゅたい	自ら考え行動する存在	1
他者	たしゃ	自分とは異なる存在	1
公共性	こうきょうせい	社会全体に関わる性質	1
自律	じりつ	自分で自分を律すること	1
是正	ぜせい	悪い点を直して正すこと	1
検証	けんしょう	正しいかどうか調べて確かめること	1
逸脱	いつだつ	基準や常識から外れること	1
看過	かんか	見逃してそのままにすること	1
懐柔	かいじゅう	うまくなだめて従わせること	1
斟酌	しんしゃく	事情をくみ取って考慮すること	1
齟齬	そご	食い違い	1
帰趨	きすう	最終的にどうなるかという成り行き	1
僭越	せんえつ	身分や立場を越えて出過ぎたことをすること	1
合理	ごうり	理にかなっていること	1
普遍	ふへん	すべてに広く当てはまること	1
特殊	とくしゅ	限られた場合だけに当てはまること	1
抽象	ちゅうしょう	具体性を離れて本質だけを取り出すこと	1
具体	ぐたい	実際に形や内容がはっきりしていること	1
分析	ぶんせき	要素に分けて調べること	1
統合	とうごう	複数のものを一つにまとめること	1
解釈	かいしゃく	意味を読み取って理解すること	1
認識	にんしき	物事を知り理解すること	1
論理	ろんり	筋道立った考え方	1
構造	こうぞう	要素同士の組み立てや関係	1
体系	たいけい	整ったまとまりを持つ仕組み	1
因果	いんが	原因と結果の関係	1
評価	ひょうか	価値を判断すること	1
判断	はんだん	正しいかどうかを決めること	1
認知	にんち	知覚して理解すること	1
意識	いしき	自分で気づいている状態	1
無意識	むいしき	意識されない心の働き	1
知覚	ちかく	感覚を通して物事をとらえること	1
経験	けいけん	実際に体験すること	1
実践	じっせん	学んだことを実際に行うこと	1
行為	こうい	人が行う行動	1
態度	たいど	物事に対する構え	1
価値	かち	大切さや意味	1
倫理	りんり	人として守るべき道	1
責任	せきにん	自分が引き受ける義務	1
自由	じゆう	束縛されずに選べること	1
平等	びょうどう	差別なく等しいこと	1
権利	けんり	認められた自由や利益	1
義務	ぎむ	果たさなければならないこと	1
文化	ぶんか	人間の生活の中で生み出された営み	1
伝統	でんとう	受け継がれてきた文化や習慣	1
制度	せいど	社会を成り立たせる仕組みや決まり	1
組織	そしき	目的のために集まった人々のまとまり	1
国家	こっか	政治的にまとまった共同体	1
経済	けいざい	財やサービスの生産交換消費の活動	1
市場	しじょう	売買が行われる場	1
資本	しほん	生産活動に用いられる資金や設備	1
労働	ろうどう	働いて価値を生み出すこと	1
生産	せいさん	物やサービスを作り出すこと	1
消費	しょうひ	物やサービスを使うこと	1
流通	りゅうつう	商品が作り手から使い手へ移ること	1
分配	ぶんぱい	利益や資源を配ること	1
競争	きょうそう	互いに優劣を争うこと	1
協力	きょうりょく	力を合わせて行うこと	1
支配	しはい	他を従わせて動かすこと	1
抵抗	ていこう	反対して立ち向かうこと	1
革命	かくめい	社会や政治の急激な変化	1
改革	かいかく	制度や仕組みを改めること	1
維持	いじ	そのまま保ち続けること	1
発展	はってん	より進んだ状態に進むこと	1
進化	しんか	長い時間の中で変化していくこと	1
変容	へんよう	姿や性質が変わること	1
生成	せいせい	新しいものが生まれること	1
形成	けいせい	形作られること	1
展開	てんかい	広がりながら進むこと	1
拡張	かくちょう	広がること	1
縮小	しゅくしょう	小さくなること	1
集中	しゅうちゅう	一か所に集まること	1
分散	ぶんさん	散らばること	1
均衡	きんこう	つり合いが取れていること	1
対立	たいりつ	意見や立場がぶつかること	1
調和	ちょうわ	うまくつり合い合うこと	1
融合	ゆうごう	異なるものが溶け合って一つになること	1
統制	とうせい	一定の方針のもとにコントロールすること	1
管理	かんり	まとめて扱い整えること	1
運営	うんえい	組織や物事を動かすこと	1
計画	けいかく	前もって考えて決めること	1
戦略	せんりゃく	目標達成のための大きな方針	1
戦術	せんじゅつ	具体的なやり方	1
実現	じつげん	現実のものとすること	1
達成	たっせい	目標を成し遂げること	1
失敗	しっぱい	目的が果たせないこと	1
成功	せいこう	目的をうまく果たすこと	1
可能性	かのうせい	実現する見込み	1
必然	ひつぜん	必ずそうなること	1
偶然	ぐうぜん	たまたま起こること	1
妥当	だとう	適切で無理がないこと	1
顕在化	けんざいか	はっきり表に現れること	1
潜在	せんざい	表には現れていないが内にあること	1
顕著	けんちょ	際立って目立つこと	1
漸進	ぜんしん	少しずつ進むこと	1
急進	きゅうしん	急激に進めること	1
包括	ほうかつ	広く全体を含むこと	1
排除	はいじょ	取り除いて外に出すこと	1
依拠	いきょ	よりどころとすること	1
根拠	こんきょ	よりどころとなる理由	1
妥協	だきょう	互いに譲り合って折り合うこと	1
介入	かいにゅう	他の領域に立ち入って関わること	1
媒介	ばいかい	二つのものの間に入って関係をつなぐこと	1
脈絡	みゃくらく	前後のつながり	1
文脈	ぶんみゃく	言葉や出来事の前後関係	1
契機	けいき	変化を引き起こすきっかけ	1
顛末	てんまつ	出来事の始まりから終わりまでの経緯	1
要請	ようせい	強く求めること	1
要因	よういん	ある結果を引き起こす原因	1
要旨	ようし	重要な内容を簡潔にまとめたもの	1
概念	がいねん	物事をまとめてとらえる考え	1
観念	かんねん	心の中で思い描く考え	1
理念	りねん	理想として思い描く根本的な考え	1
実態	じったい	実際のありさま	1
実情	じつじょう	実際の事情	1
実証	じっしょう	事実によって確かめること	1
仮説	かせつ	まだ証明されていない説明	1
検討	けんとう	よく調べて考えること	1
考察	こうさつ	よく考えて明らかにすること	1
論証	ろんしょう	筋道を立てて証明すること	1
推論	すいろん	手がかりから考えて結論を出すこと	1
推測	すいそく	はっきりしないことを考えてみること	1
帰着	きちゃく	最終的にある結論に行きつくこと	1
転換	てんかん	方向や考えが変わること	1
逆説	ぎゃくせつ	一見矛盾するが真理を含む表現	1
矛盾	むじゅん	つじつまが合わないこと	1
整合	せいごう	全体がうまく合っていること	1
整序	せいじょ	順序を整えること	1
再編	さいへん	組み直すこと	1
再構築	さいこうちく	作り直して組み立てること	1
再評価	さいひょうか	価値や意味を改めて見直すこと	1
再定義	さいていぎ	意味や範囲を新しく決め直すこと	1
再考	さいこう	改めて考えること	1
包括的	ほうかつてき	全体を広く含んでいるさま	1
限定的	げんていてき	範囲が限られているさま	1
暫定	ざんてい	最終決定ではなく一時的に定めること	1
恒常	こうじょう	いつも変わらないこと	1
一過性	いっかせい	一時的で長続きしないこと	1
可逆	かぎゃく	元に戻せること	1
不可逆	ふかぎゃく	元に戻せないこと	1
多義的	たぎてき	意味が複数に解釈できるさま	1
単一	たんいつ	一つだけであること	1
複合	ふくごう	いくつかが組み合わさること	1
一元的	いちげんてき	一つの原理で説明しようとするさま	1
多元的	たげんてき	複数の原理や価値を認めるさま	1
中立	ちゅうりつ	どちらにも偏らないこと	1
偏向	へんこう	一方にかたよること	1
偏見	へんけん	かたよった見方	1
先入観	せんにゅうかん	前もって持っている思い込み	1
固定観念	こていかんねん	変えにくい決まった考え	1
通念	つうねん	世間一般に広く認められている考え	1
慣習	かんしゅう	長く続いてきたしきたり	1
風潮	ふうちょう	その時代に広く見られる傾向	1
趨勢	すうせい	物事が進んでいく大きな流れ	1
潮流	ちょうりゅう	時代の大きな流れ	1
機運	きうん	何かをしようとする気分の高まり	1
情勢	じょうせい	その時々の事情や様子	1
所産	しょさん	ある原因や過程から生まれたもの	1
産物	さんぶつ	あるものから生み出された結果	1
副産物	ふくさんぶつ	目的以外に生じた結果	1
効率	こうりつ	少ない労力で大きな効果を得る度合い	1
効果	こうか	よい結果	1
影響	えいきょう	他に及ぼす働き	1
波及	はきゅう	影響が広く及ぶこと	1
浸透	しんとう	内部まで広くしみ込むこと	1
定着	ていちゃく	しっかり根づくこと	1
普及	ふきゅう	広く行き渡ること	1
啓発	けいはつ	理解を深めるよう教え導くこと	1
啓蒙	けいもう	知識を授けて人々を開明すること	1
受容	じゅよう	受け入れること	1
拒絶	きょぜつ	受け入れずしりぞけること	1
容認	ようにん	よいとは思わないが認めること	1
承認	しょうにん	認めること	1
承継	しょうけい	受け継ぐこと	1
継承	けいしょう	あとを受け継ぐこと	1
継続	けいぞく	続けること	1
断絶	だんぜつ	つながりが断たれること	1
保守	ほしゅ	今の状態を守ろうとすること	1
革新	かくしん	新しく改めること	1
刷新	さっしん	古いものを改めて新しくすること	1
皮肉	ひにく	遠回しに相手を批判すること	1
画一	かくいつ	みな同じようで変化がないこと	1
多様	たよう	さまざまであること	1
均質	きんしつ	性質がどれも同じであること	1
異質	いしつ	性質が大きく異なること	1
同質	どうしつ	性質が似ていること	1
固有	こゆう	そのものだけに特有であること	1
比率	ひりつ	全体に対する割合	1
比重	ひじゅう	その物事が占める重要さ	1
尺度	しゃくど	物事を測る基準	1
指標	しひょう	判断の目安となるもの	1
基準	きじゅん	判断や比較のもとになるもの	1
目安	めやす	だいたいの基準	1
論点	ろんてん	議論で問題になる点	1
争点	そうてん	争いの中心となる点	1
焦点	しょうてん	注目が集まる中心	1
主眼	しゅがん	特に重視する点	1
本質	ほんしつ	そのものの根本的な性質	1
真髄	しんずい	最も大事な核心	1
本旨	ほんし	もとの意味やねらい	1
要点	ようてん	大事な点	1
骨子	こっし	文章や計画の大筋	1
概略	がいりゃく	大まかな内容	1
概要	がいよう	全体の大まかな様子	1
全容	ぜんよう	全体のありさま	1
輪郭	りんかく	大体の姿	1
布置	ふち	物や人を配置すること	1
配置	はいち	置き方	1
区分	くぶん	いくつかに分けること	1
分類	ぶんるい	種類ごとに分けること	1
類型	るいけい	似たものをまとめた型	1
範疇	はんちゅう	同じ性質のものをくくる大きな分類	1
範例	はんれい	手本となる例	1
典型	てんけい	その特徴をよく示す例	1
事例	じれい	具体的な例	1
事象	じしょう	実際に起こる出来事	1
現象	げんしょう	目に見える形で現れたもの	1
実例	じつれい	実際の例	1
実証的	じっしょうてき	事実やデータに基づくさま	1
経験的	けいけんてき	経験に基づくさま	1
観察	かんさつ	よく見て調べること	1
検査	けんさ	調べて異常がないか確かめること	1
測定	そくてい	数や大きさをはかること	1
比較	ひかく	違いや共通点を見ること	1
対照	たいしょう	並べて違いを明らかにすること	1
対比	たいひ	違いを際立たせるために並べて示すこと	1
照応	しょうおう	互いに対応してつながること	1
符合	ふごう	ぴったり合うこと	1
合致	がっち	ぴったり一致すること	1
妥当性	だとうせい	判断や方法が適切である度合い	1
信頼性	しんらいせい	信用できる度合い	1
客観	きゃっかん	主観を離れて物事そのものを見ること	1
主観	しゅかん	自分の感じ方や考えに基づく見方	1
客体	きゃくたい	認識や行為の対象となるもの	1
主体性	しゅたいせい	自ら考えて動く性質	1
自己言及	じこげんきゅう	自分自身について述べること	1
反省	はんせい	自分を振り返ること	1
省察	せいさつ	深く考えて反省すること	1
省略	しょうりゃく	一部を略して省くこと	1
明示	めいじ	はっきり示すこと	1
暗示	あんじ	はっきり言わずにそれとなく示すこと	1
示唆	しさ	それとなく教え示すこと	1
含意	がんい	言外に含まれている意味	1
暗黙	あんもく	言葉にしないこと	1
黙示	もくじ	言葉にせずに示すこと	1
明証	めいしょう	はっきり証明されていること	1
整備	せいび	使いやすいように整えること	1
脆弱	ぜいじゃく	もろくて弱いこと	1
強靱	きょうじん	強くしなやかなこと	1
堅牢	けんろう	丈夫でしっかりしていること	1
柔軟	じゅうなん	やわらかく対応できること	1
弾力	だんりょく	状況に応じて伸び縮みできる性質	1
硬直	こうちょく	かたくなって動きがとれないこと	1
流動	りゅうどう	一定せず動いて変わること	1
停滞	ていたい	物事が進まずとどこおること	1
停頓	ていとん	中断して進まないこと	1
促進	そくしん	進みを早めること	1
抑制	よくせい	おさえて強く出ないようにすること	1
阻害	そがい	邪魔して進めなくすること	1
増幅	ぞうふく	より大きく広げること	1
縮減	しゅくげん	小さく減らすこと	1
軽減	けいげん	軽く減らすこと	1
削減	さくげん	削って減らすこと	1
補完	ほかん	足りない部分を補って完全にすること	1
代替	だいたい	代わりにすること	1
補填	ほてん	不足を埋めること	1
補強	ほきょう	より強くすること	1
補助	ほじょ	そばから助けること	1
誘発	ゆうはつ	ある出来事を引き起こすこと	1
喚起	かんき	呼び起こすこと	1
想起	そうき	思い出すこと	1
想像	そうぞう	頭の中で思い描くこと	1
創造	そうぞう	新しいものを作り出すこと	1
模倣	もほう	まねをすること	1
再現	さいげん	過去の状態や出来事をもう一度同じ形で表すこと	1
表象	ひょうしょう	心の中や作品の中に表された姿	1
象徴	しょうちょう	あるものを代表して示すもの	1
暗喩	あんゆ	〜のようだと言わずにたとえる比喩	1
直喩	ちょくゆ	〜のようだとたとえる比喩	1
換喩	かんゆ	近い関係の語で言い換えること	1
提喩	ていゆ	一部で全体を表すこと	1
逼迫	ひっぱく	余裕がなく差し迫った状態になること	1
拮抗	きっこう	力や勢いがほぼ同じで対立すること	1
凌駕	りょうが	他よりもはるかにすぐれていること	1
逡巡	しゅんじゅん	決断できずにためらうこと	1
顧慮	こりょ	状況や立場を考えて気にかけること	1
勘案	かんあん	複数の事情を合わせて判断材料とすること	1
黙認	もくにん	問題があると知りつつあえて認めること	1
黙殺	もくさつ	意図的に無視して取り上げないこと	1
黙過	もっか	問題にせずそのままにすること	1
忖度	そんたく	相手の意向を推し量って行動すること	1
看做す	みなす	あるものを別のものとして扱うこと	1
顕現	けんげん	内にあったものが外に現れ出ること	1
内包	ないほう	ある概念の中に意味として含まれること	1
外延	がいえん	ある概念が当てはまる対象の広がり	1
帰依	きえ	心から頼り従うこと	1
帰順	きじゅん	従うようになること	1
帰納法	きのうほう	個別から一般へ導く方法	1
演繹法	えんえきほう	一般から個別へ導く方法	1
矜持	きょうじ	自分の立場や能力に対する誇り	1
自負	じふ	自分の力量を高く評価している気持ち	1
過信	かしん	根拠以上に強く信じてしまうこと	1
軽視	けいし	たいしたことないとみること	1
軽侮	けいぶ	相手を価値の低いものとして見下すこと	1
蔑視	べっし	人を劣った存在として扱うこと	1
顕彰	けんしょう	功績をほめたたえること	1
糾弾	きゅうだん	不正や過ちを厳しく責め立てること	1
弁明	べんめい	自分の立場を説明して誤解を解こうとすること	1
釈明	しゃくめい	疑いや非難に対して事情を説明すること	1
弁護	べんご	非難されている人をかばうこと	1
擁護	ようご	支持して守ろうとすること	1
助長	じょちょう	望ましくない傾向を結果的に強めてしまうこと	1
助成	じょせい	資金などを出して助けること	1
助勢	じょせい	味方して力を貸すこと	1
是認	ぜにん	妥当であるとして受け入れること	1
否認	ひにん	事実や主張を認めないこと	1
否定	ひてい	そうではないとすること	1
肯定	こうてい	正しいものとして受け入れること	1
確証	かくしょう	確かな証拠	1
証左	しょうさ	ある事実を裏付ける具体的な手がかり	1
論拠	ろんきょ	主張を支える理由や根拠	1
帰納的	きのうてき	帰納に基づくさま	1
演繹的	えんえきてき	演繹に基づくさま	1
抽出	ちゅうしゅつ	多くの中から必要な要素だけを取り出すこと	1
抽象化	ちゅうしょうか	本質だけを取り出すこと	1
具体化	ぐたいか	はっきりした形にすること	1
具現	ぐげん	抽象的な内容を具体的な形で表すこと	1
具象	ぐしょう	具体的な形として表すこと	1
潜伏	せんぷく	表面には出ずに内部にとどまること	1
潜行	せんこう	人目を避けて行動すること	1
顕示	けんじ	意図的に外に示して見せること	1
顕著性	けんちょせい	目立つ性質	1
偏在	へんざい	特定の場所にかたよって存在すること	1
散在	さんざい	ばらばらに存在すること	1
遍在	へんざい	広い範囲にわたって存在していること	1
遍歴	へんれき	各地を巡り歩くこと	1
偏重	へんちょう	一方の要素だけを重く扱うこと	1
集約	しゅうやく	分散しているものを一つにまとめること	1
収斂	しゅうれん	多様なものが次第に同じ方向にまとまること	1
発散	はっさん	中心から外へ広がっていくこと	1
進展	しんてん	進んで発展すること	1
進捗	しんちょく	物事の進み具合	1
転機	てんき	流れを大きく変えるきっかけとなる出来事	1
画期	かっき	それまでの常識を大きく変える出来事	1
転回	てんかい	方向が変わること	1
転位	てんい	位置や状態が変わること	1
変遷	へんせん	時間の経過とともに移り変わること	1
推移	すいい	状態が時間とともに変化していくこと	1
漸変	ぜんぺん	少しずつ変わること	1
急変	きゅうへん	急に変わること	1
改変	かいへん	内容の一部を変えて別のものにすること	1
改良	かいりょう	よりよく直すこと	1
改訂	かいてい	内容を見直して修正すること	1
更新	こうしん	新しくすること	1
恒久	こうきゅう	長い期間変わらず続くこと	1
暫定的	ざんていてき	一時的に決めたさま	1
暫定措置	ざんていそち	一時的な対応	1
前提条件	ぜんていじょうけん	議論が成り立つために必要な条件	1
必須条件	ひっすじょうけん	なくてはならない条件	1
制約条件	せいやくじょうけん	行動を制限する条件	1
約束事	やくそくごと	決められた取り決め	1
合意形成	ごういけいせい	異なる意見を調整して一致させること	1
合議	ごうぎ	複数人で話し合って決定すること	1
合致点	がっちてん	一致する部分	1
論難	ろんなん	論理的に問題点を指摘して非難すること	1
論破	ろんぱ	議論で相手を打ち負かすこと	1
論駁	ろんばく	相手の主張の誤りを論理的に示すこと	1
反駁	はんばく	反対の立場から相手の意見を否定すること	1
批駁	ひばく	批判的に検討して論じること	1
批判的	ひはんてき	物事を検討して評価するさま	1
批評	ひひょう	価値を評価して論じること	1
逼塞	ひっそく	行き詰まって自由に動けない状態になること	1
跋扈	ばっこ	思いのままに振る舞ってのさばること	1
僥倖	ぎょうこう	思いがけない幸運	1
明瞭	めいりょう	内容や意味がはっきりしていること	1
冗長	じょうちょう	不要な部分が多く簡潔でないこと	1
端的	たんてき	要点を的確に短く表していること	1
曖昧性	あいまいせい	意味が一つに定まらない性質	1
多義性	たぎせい	一つの語が複数の意味を持つこと	1
文脈依存	ぶんみゃくいぞん	前後関係によって意味が変わること	1
脱文脈化	だつぶんみゃくか	本来の文脈から切り離して扱うこと	1
連関	れんかん	複数の要素が互いに関係し合うこと	1
相互作用	そうごさよう	互いに影響を及ぼし合うこと	1
相関関係	そうかんかんけい	二つの事柄が連動して変化する関係	1
擬似相関	ぎじそうかん	実際には関係がないのに関連があるように見えること	1
構成要素	こうせいようそ	全体を成り立たせている部分	1
歴史的背景	れきしてきはいけい	過去の出来事が現在に影響している状況	1
抽象度	ちゅうしょうど	具体性から離れて本質的に捉える度合い	1
一般化	いっぱんか	個別の事例から共通点を見出すこと	1
特殊化	とくしゅか	一般的なものを特定の条件に限定すること	1
例証	れいしょう	具体例を用いて主張を裏付けること	1
階層構造	かいそうこうぞう	上下の関係を持って構成される仕組み	1
整合性	せいごうせい	全体として矛盾なく成り立っていること	1
一貫性	いっかんせい	考えや態度にぶれがないこと	1
断続性	だんぞくせい	途切れながら続く性質	1
可変性	かへんせい	状況に応じて変化できる性質	1
相対性	そうたいせい	基準によって評価が変わる性質	1
普遍性	ふへんせい	場所や時代を超えて当てはまる性質	1
拘束性	こうそくせい	自由な行動が制限される性質	1
自発性	じはつせい	外から強制されず自ら行う性質	1
規定性	きていせい	条件によって内容が決まる性質	1
偶発性	ぐうはつせい	偶然の要素によって左右される性質	1
必然性	ひつぜんせい	避けられずそうなる性質	1
包含	ほうがん	ある範囲の中に含まれていること	1
排他	はいた	互いに同時には成立しないこと	1
内実	ないじつ	外見ではなく実際の中身	1
外見	がいけん	外から見える様子	1
転換点	てんかんてん	状況が大きく変わる節目	1
先鋭化	せんえいか	立場や意見がより極端になっていくこと	1
形而上	けいじじょう	感覚では捉えられない抽象的な領域に関すること	1
形而下	けいじか	感覚的に捉えられる具体的な事物に関すること	1
超克	ちょうこく	困難や課題を乗り越えてさらに高い段階に進むこと	1
相補	そうほ	互いに不足を補い合う関係	1
均質化	きんしつか	性質の違いがなくなり同じようになること	1
異化	いか	なじみのあるものをあえて異質に見せること	1
同化	どうか	異なるものが似た性質に変わること	1
内在化	ないざいか	外から与えられた価値を自分のものとして受け入れること	1
外化	がいか	内面の考えや感情を外に表すこと	1
再現性	さいげんせい	同じ条件で同じ結果が得られる性質	1
信憑性	しんぴょうせい	その情報が真実らしいと感じられる度合い	1
客観性	きゃっかんせい	個人の主観に左右されない性質	1
主観性	しゅかんせい	個人の感じ方や立場に依存する性質	1
内省	ないせい	自分の考えや行動を振り返って考えること	1
俯瞰	ふかん	全体を高い視点から見渡すこと	1
局所的	きょくしょてき	全体ではなく一部に限られるさま	1
全体的	ぜんたいてき	部分ではなく全体に関わるさま	1
整序化	せいじょか	ばらばらなものを秩序立てて並べること	1
再編成	さいへんせい	既存の構造を組み直すこと	1
再解釈	さいかいしゃく	既存の内容を別の視点から読み直すこと	1
再検討	さいけんとう	結論を出す前に改めて考え直すこと	1
暫定的措置	ざんていてきそち	最終決定までの間に取られる仮の対応	1
恒常性	こうじょうせい	変化せず安定している性質	1
流動性	りゅうどうせい	固定せず状況に応じて変わる性質	1
硬直性	こうちょくせい	柔軟さを失い変化できない性質	1
柔軟性	じゅうなんせい	状況に応じて対応を変えられる性質	1
冗長性	じょうちょうせい	余分な要素を持たせて安定性を高める仕組み	1
冗長表現	じょうちょうひょうげん	同じ内容を重ねて述べる無駄な言い方	1
省略表現	しょうりゃくひょうげん	文脈で分かる部分をあえて省く言い方	1
含蓄	がんちく	短い言葉の中に深い意味を含むこと	1
含意性	がんいせい	言葉の裏に別の意味が込められている性質	1
暗示性	あんじせい	はっきり言わずに意味を伝える性質	1
明示性	めいじせい	内容をはっきり示す性質	1
比喩性	ひゆせい	別のものにたとえて表現する性質	1
象徴性	しょうちょうせい	具体物で抽象的な意味を表す性質	1
指示性	しじせい	特定の対象を指し示す働き	1
参照性	さんしょうせい	他の情報を前提に意味が決まる性質	1
独立性	どくりつせい	他に依存せず成り立つ性質	1
依存性	いぞんせい	他の要素に左右される性質	1
連続的変化	れんぞくてきへんか	途切れず徐々に変わること	1
断続的変化	だんぞくてきへんか	途切れながら変化すること	1
非連続的変化	ひれんぞくてきへんか	ある時点で急激に変わること	1
漸次的進行	ぜんじてきしんこう	少しずつ段階的に進むこと	1
急激な変動	きゅうげきなへんどう	短時間で大きく変化すること	1
均衡維持	きんこういじ	バランスを保とうとする働き	1
均衡破綻	きんこうはたん	バランスが崩れて成り立たなくなること	1
過剰反応	かじょうはんのう	必要以上に強く反応すること	1
抑制作用	よくせいさよう	働きを弱める方向に作用すること	1
促進作用	そくしんさよう	働きを強める方向に作用すること	1
阻害要因	そがいよういん	物事の進行を妨げる要素	1
促進要因	そくしんよういん	進展を加速させる原因となる要素	1
誘因	ゆういん	行動を引き起こすきっかけとなる要素	1
誘導	ゆうどう	特定の方向へ導くこと	1
介在	かいざい	二つの間に入り込んで影響を与えること	1
媒介作用	ばいかいさよう	間に入って関係を成立させる働き	1
直接的影響	ちょくせつてきえいきょう	中間を介さず及ぶ影響	1
間接的影響	かんせつてきえいきょう	他の要素を通じて及ぶ影響	1
構造的制約	こうぞうてきせいやく	仕組みによって自由が制限されること	1
制度的枠組み	せいどてきわくぐみ	社会のルールとして機能する仕組み	1
文化的規範	ぶんかてききはん	社会で共有される価値観や行動基準	1
社会的文脈	しゃかいてきぶんみゃく	社会全体の状況や背景	1
歴史的連続性	れきしてきれんぞくせい	過去から現在へ続くつながり	1
歴史的断絶	れきしてきだんぜつ	過去とのつながりが断たれること	1
内面的葛藤	ないめんてきかっとう	自分の中で対立する感情や考え	1
外的圧力	がいてきあつりょく	外部から受ける影響や強制	1
自己規制	じこきせい	自分自身で行動を制御すること	1
他律的行動	たりつてきこうどう	外からの指示によって行う行動	1
主体的選択	しゅたいてきせんたく	自分の意思で選び取ること	1
客観的判断	きゃっかんてきはんだん	個人的感情を排して行う判断	1
主観的評価	しゅかんてきひょうか	個人の感じ方に基づく評価	1
価値判断	かちはんだん	何が重要かを基準に評価すること	1
意味付与	いみふよ	出来事に意味を与えて解釈すること	1
認識枠組み	にんしきわくぐみ	物事を理解する際の基本的な考え方	1
思考様式	しこうようしき	考え方のパターンや傾向	1
認知的偏り	にんちてきかたより	無意識のうちに判断が偏ること	1
批判的思考	ひはんてきしこう	情報をそのまま受け入れず検討する態度	1
創造的思考	そうぞうてきしこう	新しい発想を生み出す考え方	1
論理的飛躍	ろんりてきひやく	根拠が不十分なまま結論に進むこと	1
均衡化	きんこうか	ばらつきをならしてつり合いのとれた状態にすること	1
局在	きょくざい	特定の場所や範囲に限って存在すること	1
拡散	かくさん	一点から広い範囲へ広がっていくこと	1
収容	しゅうよう	内部に取り入れておさめること	1
交錯	こうさく	複数の要素が入り混じって複雑になること	1
錯綜	さくそう	物事が入り組んで分かりにくくなること	1
錯誤	さくご	思い違いや判断の誤り	1
誤認	ごにん	事実とは異なる認識を持つこと	1
過小評価	かしょうひょうか	実際よりも低く見積もること	1
過大評価	かだいひょうか	実際以上に高く見積もること	1
再帰	さいき	同じ構造が繰り返し現れること	1
再配置	さいはいち	位置や構成を組み替えて並べ直すこと	1
再整理	さいせいり	混乱したものを整えて分かりやすくすること	1
再統合	さいとうごう	分かれていたものを一つにまとめ直すこと	1
再構成	さいこうせい	要素を組み替えて新しい形にすること	1
再検証	さいけんしょう	一度確認した内容をもう一度確かめること	1
再定立	さいていりつ	考えや理論を新たに組み立てること	1
独立変数	どくりつへんすう	他の要因に影響されず変化する要素	1
従属変数	じゅうぞくへんすう	他の要因によって変化が左右される要素	1
臨界点	りんかいてん	変化が急激に起こる境目となる点	1
経時変化	けいじへんか	時間の経過によって変わること	1
持続的状態	じぞくてきじょうたい	長期間維持される状態	1
一時的状態	いちじてきじょうたい	短期間だけ続く状態	1
瞬間的変化	しゅんかんてきへんか	極めて短時間で起こる変化	1
漸進的発展	ぜんしんてきはってん	少しずつ進歩していくこと	1
急激な進展	きゅうげきなしんてん	短期間で大きく進むこと	1
停滞状態	ていたいじょうたい	変化や進展が止まっている状態	1
停滞要因	ていたいよういん	進行を妨げる原因となる要素	1
抑制要因	よくせいよういん	進行を弱める方向に働く要素	1
制御機構	せいぎょきこう	働きを調整して一定に保つ仕組み	1
調整作用	ちょうせいさよう	全体のバランスを整える働き	1
均衡回復	きんこうかいふく	崩れたバランスを元に戻すこと	1
安定化	あんていか	変動を抑えて落ち着かせること	1
不安定化	ふあんていか	安定していた状態が崩れること	1
適応過程	てきおうかてい	環境に合わせて変化していく過程	1
適応能力	てきおうのうりょく	変化に対応する力	1
適応失敗	てきおうしっぱい	環境にうまく対応できないこと	1
淘汰	とうた	不適応なものが排除されること	1
選択圧	せんたくあつ	ある特性が選ばれる方向に働く力	1
進化的変化	しんかてきへんか	長い時間の中で特性が変わること	1
変異	へんい	性質が突然変わること	1
変動要因	へんどうよういん	変化を引き起こす原因	1
影響要素	えいきょうようそ	結果に関与する要因	1
決定要因	けっていよういん	結果を左右する重要な原因	1
付随的要素	ふずいてきようそ	主要ではないが伴って現れる要素	1
副次的効果	ふくじてきこうか	主な目的とは別に生じる結果	1
波及効果	はきゅうこうか	影響が次々と広がること	1
連鎖反応	れんさはんのう	一つの変化が次の変化を引き起こすこと	1
累積効果	るいせきこうか	積み重なって大きくなる影響	1
相乗効果	そうじょうこうか	複数の要素が合わさって効果が高まること	1
相殺効果	そうさいこうか	互いの作用が打ち消し合うこと	1
干渉	かんしょう	互いに影響し合って変化すること	1
阻害作用	そがいさよう	働きを妨げる影響	1
増強作用	ぞうきょうさよう	働きを強める影響	1
誘発要因	ゆうはつよういん	ある現象を引き起こすきっかけとなる要素	1
誘導効果	ゆうどうこうか	特定の方向へ導く働き	1
帰結構造	きけつこうぞう	結果へ至る流れの仕組み	1
因果連鎖	いんがれんさ	原因と結果が連続してつながること	1
説明枠組み	せつめいわくぐみ	物事を理解するための基本的な考え方	1
解釈枠組み	かいしゃくわくぐみ	意味を読み取るための視点や基準	1
認識構造	にんしきこうぞう	物事を理解する際の内的な仕組み	1
思考枠組み	しこうわくぐみ	考え方を方向づける基本的な型	1
価値体系	かちたいけい	価値判断の基準が体系化されたもの	1
評価基準	ひょうかきじゅん	物事を判断するための尺度	1
判断枠組み	はんだんわくぐみ	意思決定を行う際の基準となる考え方	1
意味構造	いみこうぞう	意味がどのように組み立てられているかという仕組み	1
文脈構造	ぶんみゃくこうぞう	前後関係によって成り立つ意味のつながり	1
論理構造	ろんりこうぞう	議論の筋道や構成のあり方	1
言説	げんせつ	ある立場や価値観に基づいて語られる考えや議論	1
レトリック	れとりっく	表現を効果的にするための言い回しや技法	1
身体性	しんたいせい	身体を通して感じたり行動したりする性質	1
匿名性	とくめいせい	個人が特定されない性質	1
共同体	きょうどうたい	共通の目的や意識を持つ人々の集まり	1
他者性	たしゃせい	自分とは異なる存在としての性質	1
差異	さい	互いの違い	1
同一性	どういつせい	同じであり続ける性質	1
自己像	じこぞう	自分について抱いているイメージ	1
視座	しざ	物事を見る立場や観点	1
視野	しや	見える範囲や考えの広がり	1
射程	しゃてい	議論や影響が及ぶ範囲	1
位相	いそう	物事のあり方や局面	1
領域	りょういき	一定の範囲や分野	1
境界	きょうかい	物事を分ける境目	1
越境	えっきょう	分野や立場の境界を越えること	1
横断	おうだん	複数の分野にまたがること	1
断片	だんぺん	全体の一部分	1
総体	そうたい	全体をまとめたもの	1
位階	いかい	上下関係による段階	1
序列	じょれつ	順位づけされた並び	1
権威	けんい	社会的に認められた力や威信	1
権力	けんりょく	他者を従わせる力	1
支配構造	しはいこうぞう	支配関係が成り立つ仕組み	1
欲望	よくぼう	強く求める心の動き	1
欲求	よっきゅう	満たしたいと望む気持ち	1
消費社会	しょうひしゃかい	消費活動を中心に成り立つ社会	1
大衆化	たいしゅうか	一部のものが広く一般に広がること	1
均一化	きんいつか	違いがなくなり同じになること	1
情報化	じょうほうか	情報が社会の中心的役割を持つこと	1
可視化	かしか	見えにくいものを見える形にすること	1
不可視	ふかし	目に見えないこと	1
身体感覚	しんたいかんかく	身体を通して得る感覚	1
知性	ちせい	論理的に考える能力	1
感性	かんせい	物事を感じ取る能力	1
知覚像	ちかくぞう	感覚を通して頭の中に作られるイメージ	1
表現形式	ひょうげんけいしき	内容を表す方法や型	1
言語活動	げんごかつどう	言葉を用いた表現や伝達の行為	1
伝達	でんたつ	情報や考えを伝えること	1
伝承	でんしょう	文化や知識を受け継いで伝えること	1
記号	きごう	意味を表すしるし	1
象形	しょうけい	形をまねて表した文字や表現	1
表記	ひょうき	文字や記号で表すこと	1
音声言語	おんせいげんご	声によって伝えられる言語	1
書記言語	しょきげんご	文字によって記録される言語	1
沈黙	ちんもく	あえて語らないこと	1
対話	たいわ	互いに話し合うこと	1
応答	おうとう	問いかけに答えること	1
発話	はつわ	言葉を発すること	1
語り	かたり	出来事や考えを言葉で表すこと	1
物語性	ものがたりせい	物語として展開する性質	1
時間感覚	じかんかんかく	時間をどのように感じるかという感覚	1
空間認識	くうかんにんしき	位置や広がりを理解すること	1
空間性	くうかんせい	空間に関わる性質	1
共同幻想	きょうどうげんそう	集団で共有される思い込みや価値観	1
関係性	かんけいせい	互いのつながり方	1
連帯	れんたい	共通の目的のために結びつくこと	1
孤立	こりつ	他とのつながりを失うこと	1
疎外	そがい	本来のつながりから切り離されること	1
疎通	そつう	互いに理解し合うこと	1
同調	どうちょう	他に合わせて行動すること	1
共感	きょうかん	相手の感情や考えを共有すること	1
反発	はんぱつ	反対して抵抗すること	1
摩擦	まさつ	意見や利害の衝突	1
葛藤	かっとう	対立する感情や考えで悩むこと	1
緊張関係	きんちょうかんけい	対立や不安定さを含む関係	1
二項対立	にこうたいりつ	二つの概念を対立的に捉える考え方	1
二元論	にげんろん	世界を二つの原理で説明する考え方	1
脱構築	だつこうちく	既存の考え方や構造を問い直すこと	1
再生産	さいせいさん	同じ構造や価値観が繰り返されること	1
利便性	りべんせい	便利で使いやすい性質	1
合理性	ごうりせい	無駄がなく理にかなっている性質	1
非合理	ひごうり	理屈だけでは説明できないこと	1
個別性	こべつせい	それぞれ固有である性質	1
主体化	しゅたいか	自ら考え行動する存在になること	1
客体化	きゃくたいか	対象として扱われること	1
批評性	ひひょうせい	物事を分析し評価しようとする性質	1
思索	しさく	深く考えること	1
単純化	たんじゅんか	複雑なものを簡単にすること	1
複雑化	ふくざつか	入り組んで分かりにくくなること	1
概念化	がいねんか	物事を抽象的に整理すること	1
象徴化	しょうちょうか	具体物に抽象的意味を持たせること	1
形象	けいしょう	感覚的に捉えられる姿やイメージ	1
虚構	きょこう	作り事として構成されたもの	1
現実認識	げんじつにんしき	現実をどのように理解するかという考え	1
知識体系	ちしきたいけい	知識が整理され構造化されたもの	1
論理展開	ろんりてんかい	筋道立てて議論を進めること	1
推敲	すいこう	文章を練り直して改善すること	1
文体	ぶんたい	文章の表現上の特徴	1
語用論	ごようろん	言葉の使われ方や文脈を研究する考え方	1
意味作用	いみさよう	言葉や表現が意味を生み出す働き	1
読解	どっかい	文章を読み取って理解すること	1
解像度	かいぞうど	物事を細かく明確に捉える度合い	1
立脚点	りっきゃくてん	考え方の基盤となる立場	1
認識論	にんしきろん	人間がどのように物事を知るかを考える学問	1
存在論	そんざいろん	存在とは何かを考える学問	1
方法論	ほうほうろん	研究や思考の進め方についての理論	1
経験論	けいけんろん	経験を知識の基礎とする考え方	1
観念論	かんねんろん	精神や観念を重視する考え方	1
実存	じつぞん	現実に存在する人間そのもののあり方	1
身体論	しんたいろん	身体について考察する理論	1
メディア論	めでぃあろん	情報媒体の役割や影響を考える理論	1
公共圏	こうきょうけん	社会的議論が行われる共有空間	1
集合意識	しゅうごういしき	集団で共有される意識や価値観	1
制度疲労	せいどひろう	制度が時代に合わなくなって機能低下すること	1
閉塞感	へいそくかん	行き詰まりを感じる感覚	1
流動化	りゅうどうか	固定されず変化しやすくなること	1
階層化	かいそうか	上下の段階構造が形成されること	1
相対主義	そうたいしゅぎ	価値は絶対ではなく立場によって変わるとする考え	1
価値観	かちかん	何を重要と考えるかという基準	1
人間観	にんげんかん	人間をどう捉えるかという考え	1
世界観	せかいかん	世界全体についての捉え方	1
自然観	しぜんかん	自然をどう理解するかという考え	1
倫理観	りんりかん	善悪についての考え方	1
死生観	しせいかん	生と死をどう捉えるかという考え	1
概括	がいかつ	内容の全体を大まかにまとめること	1
敷衍	ふえん	意味や内容を広げて詳しく説明すること	1
捨象	しゃしょう	本質でない要素を除いて考えること	1
措定	そてい	ある事柄を前提として定めること	1
準拠	じゅんきょ	基準や手本に従うこと	1
援用	えんよう	ある考えや方法を別の場面に用いること	1
峻別	しゅんべつ	違いを明確にして厳しく区別すること	1
相克	そうこく	互いに対立し争うこと	1
還元	かんげん	複雑なものを基本的な要素に戻して説明すること	1
遡及	そきゅう	過去にさかのぼって効力を及ぼすこと	1
収束	しゅうそく	広がっていたものが一定の状態に落ち着くこと	1
収拾	しゅうしゅう	混乱した状態をおさめること	1
収奪	しゅうだつ	他人のものを強制的に取り上げること	1
帰属	きぞく	ある集団や分類に属すること	1
紐帯	ちゅうたい	人や集団を結びつけるつながり	1
互恵	ごけい	互いに利益を与え合うこと	1
寛容	かんよう	異なる考えや立場を受け入れること	1
排斥	はいせき	受け入れず外へ追い出すこと	1
忌避	きひ	嫌って避けること	1
軋轢	あつれき	人間関係などで生じる不和や摩擦	1
確執	かくしつ	互いに譲らず続く深い不和	1
融和	ゆうわ	対立していたものが打ち解けること	1
宥和	ゆうわ	相手をなだめて対立を避けること	1
独善	どくぜん	自分だけが正しいと思い込むこと	1
独断	どくだん	他人の意見を聞かず自分だけで決めること	1
専横	せんおう	勝手気ままに権力を振るうこと	1
横暴	おうぼう	力に任せて勝手に振る舞うこと	1
専制	せんせい	少数が権力を独占して支配すること	1
迎合	げいごう	相手に気に入られるよう意見を合わせること	1
追従	ついしょう	相手の機嫌を取って従うこと	1
創発	そうはつ	要素の組合せから新しい性質が生まれること	1
萌芽	ほうが	物事が生まれ始めるきざし	1
先駆	せんく	他に先立って物事を行うこと	1
先見	せんけん	将来を見通すこと	1
機微	きび	表面には現れにくい微妙な事情や心の動き	1
婉曲	えんきょく	直接言わず遠回しに表現すること	1
露骨	ろこつ	隠さずむき出しに表すこと	1
露呈	ろてい	隠れていた事実が表に現れること	1
吐露	とろ	心の内を包み隠さず話すこと	1
開陳	かいちん	自分の意見や考えを述べること	1
詳述	しょうじゅつ	詳しく述べること	1
叙述	じょじゅつ	物事の様子や経過を順序立てて述べること	1
記述	きじゅつ	事実や内容を文章で書き表すこと	1
論述	ろんじゅつ	筋道を立てて意見を述べること	1
換言	かんげん	別の言葉に言い換えること	1
修辞	しゅうじ	言葉を効果的に表現する技法	1
冗舌	じょうぜつ	必要以上に多くしゃべること	1
簡潔	かんけつ	無駄がなく短くまとまっていること	1
簡明	かんめい	簡単ではっきりしていること	1
緻密	ちみつ	細かなところまで注意が行き届いていること	1
精緻	せいち	非常に細かく丁寧であること	1
粗雑	そざつ	細かい配慮がなく雑なこと	1
杜撰	ずさん	物事の扱いが雑でいい加減なこと	1
厳密	げんみつ	細部まで正確であいまいさがないこと	1
厳格	げんかく	規則や基準を厳しく守ること	1
厳正	げんせい	厳しく公正に行うこと	1
厳粛	げんしゅく	おごそかで心が引き締まるさま	1
簡素	かんそ	飾りが少なく簡潔なこと	1
質朴	しつぼく	飾り気がなく素直で素朴なこと	1
洗練	せんれん	無駄を省き上品で完成度を高めること	1
稚拙	ちせつ	未熟で表現や技術が幼いこと	1
拙劣	せつれつ	技術や方法が下手で劣っていること	1
巧妙	こうみょう	非常に巧みでうまくできていること	1
趣向	しゅこう	面白くするための工夫や考え	1
情緒	じょうちょ	物事に触れて生じるしみじみした感情	1
余韻	よいん	物事が終わった後にも残る味わいや印象	1
威信	いしん	社会的な信用や権威	1
威厳	いげん	堂々として人を敬わせる力	1
尊厳	そんげん	侵してはならない人や存在の価値	1
尊大	そんだい	偉そうに振る舞うこと	1
傲慢	ごうまん	自分を偉いと思い他人を見下すこと	1
不遜	ふそん	思い上がって礼儀を欠くこと	1
謙虚	けんきょ	自分を控えめにし他人の意見を受け入れること	1
揶揄	やゆ	からかうように皮肉を言うこと	1
侮辱	ぶじょく	相手の名誉や尊厳を傷つけること	1
毀損	きそん	価値や名誉などを傷つけること	1
糾明	きゅうめい	事実や責任を追及して明らかにすること	1
追及	ついきゅう	責任や原因を問い続けること	1
追究	ついきゅう	未知のことを深く調べ求めること	1
探究	たんきゅう	物事の本質を深く調べ求めること	1
究明	きゅうめい	原因や真相を詳しく調べ明らかにすること	1
核心	かくしん	物事の中心となる最も重要な部分	1
中核	ちゅうかく	物事の中心となる部分	1
根幹	こんかん	物事の最も重要な基礎	1
根底	こんてい	物事の一番下にある基本	1
基盤	きばん	物事を支える土台	1
体系化	たいけいか	ばらばらなものを筋道立ててまとめること	1
系譜	けいふ	受け継がれてきたつながりや流れ	1
源流	げんりゅう	物事の起こりや基本となる流れ	1
変革	へんかく	制度や考え方を大きく変えること	1
盛衰	せいすい	盛んになることと衰えること	1
興亡	こうぼう	栄えることと滅びること	1
隆盛	りゅうせい	非常に盛んなこと	1
衰退	すいたい	勢いや力が次第に弱くなること	1
凋落	ちょうらく	勢いや地位が急に落ちること	1
没落	ぼつらく	栄えていたものが衰え地位を失うこと	1
勃興	ぼっこう	急に勢いを増して盛んになること	1
台頭	たいとう	力をつけて目立つようになること	1
趨向	すうこう	物事が進んでいく方向	1
時流	じりゅう	その時代の大きな流れ	1
世相	せそう	その時代の社会の様子	1
慣行	かんこう	長く続いている習慣的なやり方	1
慣例	かんれい	昔から繰り返されてきた決まりややり方	1
因習	いんしゅう	古くから続き改善されにくい習慣	1
旧弊	きゅうへい	古くから残る悪い習慣	1
既成概念	きせいがいねん	すでに一般に受け入れられている考え	1
既得権益	きとくけんえき	すでに得ていて守ろうとする利益や権利	1
権益	けんえき	権利とそれによって得られる利益	1
利害	りがい	利益と損害	1
相反	そうはん	互いに反対し両立しないこと	1
両立	りょうりつ	二つのことが同時に成り立つこと	1
相乗	そうじょう	複数の要素が作用し合って効果を高めること	1
相殺	そうさい	互いの効果を打ち消し合うこと	1
相互依存	そうごいぞん	互いに相手を必要として成り立つこと	1
整合的	せいごうてき	矛盾なく全体が合っているさま	1
斉一	せいいつ	全体が同じようにそろっていること	1
画一的	かくいつてき	すべてを同じ型にはめたようなさま	1
一律	いちりつ	例外なく同じように扱うこと	1
一様	いちよう	すべて同じようであること	1
一貫	いっかん	最初から最後まで同じ方針を保つこと	1
一義的	いちぎてき	意味や解釈が一つに決まるさま	1
両義的	りょうぎてき	二つの異なる意味を同時に持つさま	1
曖昧	あいまい	意味や態度がはっきりしないこと	1
漠然	ばくぜん	はっきりせずぼんやりしていること	1
判然	はんぜん	はっきりと区別できるさま	1
明白	めいはく	疑う余地なくはっきりしていること	1
自明	じめい	説明しなくても明らかなこと	1
顕在	けんざい	はっきり表に現れていること	1
内在	ないざい	物事の内部に本質的に存在すること	1
外在	がいざい	物事の外部に存在すること	1
本源	ほんげん	物事の根本的な起源	1
根源	こんげん	物事の起こりとなる最も根本のもの	1
本来的	ほんらいてき	もともとの性質やあり方に関わるさま	1
本分	ほんぶん	その人が本来果たすべき役割	1
蓋然性	がいぜんせい	ある事柄が起こりそうな程度	1
不確実性	ふかくじつせい	将来や結果がはっきりしない性質	1
偶有性	ぐうゆうせい	必ずしもそうでなく別の可能性もある性質	1
可塑性	かそせい	外からの影響で形や性質を変えられる性質	1
可変	かへん	変えることができること	1
永続性	えいぞくせい	長く途切れず続く性質	1
一過的	いっかてき	一時的で長続きしないさま	1
断続的	だんぞくてき	途切れながら続くさま	1
非連続	ひれんぞく	途中で切れて連続していないこと	1
漸次	ぜんじ	少しずつ順を追って	1
逐次	ちくじ	順を追って次々に	1
累進	るいしん	段階的に増していくこと	1
累積	るいせき	少しずつ積み重なること	1
漸減	ぜんげん	少しずつ減ること	1
漸増	ぜんぞう	少しずつ増えること	1
急騰	きゅうとう	価格などが急に上がること	1
急落	きゅうらく	価格などが急に下がること	1
高騰	こうとう	価格などが大きく上がること	1
下落	げらく	価格や価値などが下がること	1
伸長	しんちょう	能力や勢力などが伸びること	1
拡充	かくじゅう	内容や規模を広げて充実させること	1
増進	ぞうしん	能力や状態をさらに高めること	1
減退	げんたい	勢いや力が弱くなること	1
閉塞	へいそく	行き詰まって先へ進めないこと	1
打開	だかい	困難な状況を切り開いて解決すること	1
活路	かつろ	困難を切り抜けるための道	1
窮地	きゅうち	逃げ道のない苦しい立場	1
逆境	ぎゃっきょう	物事がうまくいかない苦しい境遇	1
切迫	せっぱく	危険や期限が迫って余裕がないこと	1
緊迫	きんぱく	緊張が高まり差し迫った状態	1
喫緊	きっきん	差し迫って重要であること	1
急務	きゅうむ	急いで行う必要がある仕事	1
懸案	けんあん	以前から解決せず気にかかっている問題	1
難局	なんきょく	切り抜けるのが難しい状況	1
障壁	しょうへき	進行を妨げる大きな障害	1
制約	せいやく	自由な行動を制限する条件	1
拘束	こうそく	自由な行動を制限すること	1
拘泥	こうでい	一つのことにこだわりすぎること	1
固執	こしつ	自分の考えに強くこだわること	1
執着	しゅうちゃく	あるものに強く心をひかれて離れないこと	1
執拗	しつよう	しつこく何度も続けること	1
頑迷	がんめい	かたくなで考えを変えないこと	1
偏狭	へんきょう	考えの幅が狭く他を受け入れないこと	1
冷徹	れいてつ	感情に流されず冷静で厳しいこと	1
苛烈	かれつ	非常に厳しく激しいこと	1
過酷	かこく	耐えるのが難しいほど厳しいこと	1
熾烈	しれつ	争いなどが非常に激しいこと	1
甚大	じんだい	程度が非常に大きいこと	1
莫大	ばくだい	非常に大きな数量	1
膨大	ぼうだい	非常に多く大きいこと	1
些末	さまつ	本質的でない細かなこと	1
周縁	しゅうえん	中心から離れた周辺	1
要諦	ようてい	物事の最も大切な点	1
肝要	かんよう	非常に重要であること	1
眼目	がんもく	最も重要な点	1
実相	じっそう	物事の本当の姿	1
真相	しんそう	隠されていた本当の事情	1
真意	しんい	本当の意図や気持ち	1
意図	いと	何かをしようとする考え	1
作為	さくい	意図して手を加えること	1
無作為	むさくい	特別な意図を持たず偶然に任せること	1
任意	にんい	本人の自由な判断に任せること	1
曲解	きょっかい	意味をゆがめて解釈すること	1
誤読	ごどく	文章の意味を誤って読み取ること	1
誤謬	ごびゅう	考えや判断の誤り	1
錯覚	さっかく	実際とは違って感じたり認識したりすること	1
混迷	こんめい	混乱して進む方向が分からない状態	1
混沌	こんとん	物事が入り混じって秩序がない状態	1
雑駁	ざっぱく	内容がまとまりなく入り混じっていること	1
複雑性	ふくざつせい	多くの要素が絡み合う性質	1
多面的	ためんてき	さまざまな面を持つさま	1
多角的	たかくてき	いくつもの視点から見るさま	1
網羅	もうら	関係するものを残らず取り入れること	1
限定	げんてい	範囲や条件を限ること	1
特化	とっか	特定の分野や機能に集中すること	1
細分	さいぶん	細かく分けること	1
分節	ぶんせつ	連続したものを意味ある部分に区切ること	1
分化	ぶんか	一つだったものが異なる部分に分かれること	1
多様性	たようせい	さまざまな性質や種類が存在すること	1
多元性	たげんせい	複数の価値や原理が並び立つ性質	1
二律背反	にりつはいはん	互いに矛盾する二つの命題が成立すること	1
背反	はいはん	互いに矛盾して両立しないこと	1
首尾	しゅび	始めから終わりまでの成り行き	1
相関性	そうかんせい	二つの事柄が連動して変化する性質	1
因果律	いんがりつ	すべての結果には原因があるとする考え	1
非対称	ひたいしょう	互いに対応せず同じでないこと	1
類似	るいじ	互いによく似ていること	1
相似	そうじ	形や性質がよく似ていること	1
近似	きんじ	ほぼ同じ値や状態であること	1
寓意	ぐうい	物語などに別の意味を込めること	1
諷刺	ふうし	遠回しに社会や人を批判する表現	1
皮相	ひそう	表面だけで本質に達していないこと	1
表層	ひょうそう	物事の表面に現れている部分	1
深層	しんそう	表面からは見えない深い部分	1
深遠	しんえん	内容が非常に深く簡単には理解できないこと	1
難解	なんかい	理解するのが難しいこと	1
晦渋	かいじゅう	文章や表現が難しく分かりにくいこと	1
平易	へいい	内容や表現がやさしく分かりやすいこと	1
平明	へいめい	分かりやすく明快であること	1
明晰	めいせき	考えや内容がはっきりしていること	1
鮮明	せんめい	はっきりしていて明らかなこと	1
卓越	たくえつ	他より抜きん出て優れていること	1
卓見	たっけん	優れた見識や意見	1
慧眼	けいがん	物事の本質を見抜く鋭い眼力	1
洞察	どうさつ	物事の本質を深く見抜くこと	1
識見	しきけん	物事を正しく判断する優れた見識	1
見識	けんしき	物事を見抜き判断する考え	1
知見	ちけん	調査や経験によって得た知識や見解	1
叡智	えいち	深く優れた知恵	1
機知	きち	その場に応じて素早く働く知恵	1
機転	きてん	その場の状況に応じて素早く対応すること	1
才覚	さいかく	物事をうまく処理する知恵や能力	1
英断	えいだん	優れた思い切った決断	1
推察	すいさつ	事情を推し量って考えること	1
推量	すいりょう	様子からおおよその事情を考えること	1
憶測	おくそく	確かな根拠なく推測すること	1
予断	よだん	十分な根拠なく前もって判断すること	1
早計	そうけい	十分考えず急いで判断すること	1
軽率	けいそつ	よく考えずに行動すること	1
熟慮	じゅくりょ	十分に時間をかけて深く考えること	1
熟考	じゅっこう	よく考え抜くこと	1
思慮	しりょ	注意深く考えること	1
深謀遠慮	しんぼうえんりょ	遠い将来まで見通して深く計画すること	1
思案	しあん	どうするか考えること	1
熟議	じゅくぎ	十分に議論すること	1
協議	きょうぎ	関係者が話し合うこと	1
審議	しんぎ	内容を詳しく検討して話し合うこと	1
評議	ひょうぎ	集まって相談し意見を決めること	1
審査	しんさ	基準に照らして詳しく調べ判断すること	1
査定	さてい	内容を調べて価値などを決めること	1
鑑定	かんてい	専門知識で価値や真偽を判断すること	1
鑑別	かんべつ	違いを見分けて区別すること	1
識別	しきべつ	違いを見分けること	1
弁別	べんべつ	違いを見分け区別すること	1
判別	はんべつ	違いを判断して分けること	1
吟味	ぎんみ	詳しく調べてよく考えること	1
精査	せいさ	細かいところまで詳しく調べること	1
監査	かんさ	業務や会計が正しく行われているか調べること	1
観測	かんそく	現象を測定し記録すること	1
推計	すいけい	資料やデータからおおよその値を計算すること	1
概算	がいさん	おおよその数値を計算すること	1
算定	さんてい	計算して数値を決めること	1
同定	どうてい	対象が何であるかを特定すること	1
確定	かくてい	内容や結果を最終的に決めること	1
確立	かくりつ	しっかりとした形や地位を作り上げること	1
定立	ていりつ	考えや命題を明確に打ち立てること	1
定式化	ていしきか	考えや法則を一定の形式で表すこと	1
制度化	せいどか	仕組みや慣行を正式な制度にすること	1
常態化	じょうたいか	一時的だった状態が普通の状態になること	1
固定化	こていか	状態や考えが変わらず固まること	1
硬直化	こうちょくか	柔軟さを失って変化しにくくなること	1
融通	ゆうずう	状況に応じて柔軟に対応すること	1
機動性	きどうせい	状況に応じて素早く行動できる性質	1
即応	そくおう	その場の状況にすぐ応じること	1
臨機応変	りんきおうへん	状況に応じて適切に対応すること	1
泰然	たいぜん	落ち着いていて物事に動じないさま	1
沈着	ちんちゃく	落ち着いていて冷静なこと	1
動揺	どうよう	心や状態が不安定になること	1
狼狽	ろうばい	あわてふためくこと	1
当惑	とうわく	どうしたらよいか分からず困ること	1
困惑	こんわく	判断や対応に迷って困ること	1
躊躇	ちゅうちょ	決断や行動をためらうこと	1
煩悶	はんもん	悩み苦しむこと	1
懊悩	おうのう	深く悩み苦しむこと	1
苦悩	くのう	精神的に深く悩み苦しむこと	1
憂愁	ゆうしゅう	もの悲しく沈んだ気持ち	1
憂鬱	ゆううつ	気分が沈み晴れないこと	1
危惧	きぐ	悪い結果になることを心配すること	1
懸念	けねん	心配して気にかけること	1
杞憂	きゆう	必要のないことを心配すること	1
疑念	ぎねん	本当かどうか疑う気持ち	1
疑義	ぎぎ	内容に疑わしい点があること	1
疑惑	ぎわく	不正などがあるのではないかという疑い	1
確信	かくしん	間違いないと強く信じること	1
信念	しんねん	正しいと固く信じる考え	1
信条	しんじょう	日頃から正しいと信じ守っている考え	1
盲信	もうしん	理由を考えずむやみに信じること	1
傾倒	けいとう	ある人物や思想に強く心を寄せること	1
傾注	けいちゅう	一つのことに心や力を集中すること	1
没頭	ぼっとう	一つのことに夢中になること	1
専念	せんねん	一つのことに集中して取り組むこと	1
